color,size,category,brand,initial_price,reviews_count,rating,in_stock,final_price
Grey,one-size,Storage Cabinets,SHEIN,120.99,0,0,True,120.99
Multicolor,Electroplated Citrine,Crystal Shapes & Carvings,SHEIN,2.1,0,0,True,2.1
Black,one-size,Women Sexy Bodysuits,SHEIN,3.39,0,0,True,2.14
Black,one-size,Men Belts,SHEIN,22.8,0,0,True,21.3
Multicolor,one-size,Other Commercial Cleaning Supplies,Unbeatablesale,28.53,0,0,True,28.53
White,150ML,Teacup & Saucer Sets,SHEIN,12.7,0,0,True,12.2
Multicolor,one-size,Tool Cases,Unbeatablesale,16.98,0,0,True,16.98
Multicolor,30pcs,Decorative Balloons,SHEIN,2.2,0,0,True,2.1
Multicolor,one-size,Artificial Plants,SHEIN,1.5,0,0,True,0.83
White,10pcs,Wrapping & Packaging,SHEIN,7.8,0,0,True,6.63
Retro Telephone,1PC,Decorative Crafts,SHEIN,21.3,0,0,True,20.5
Multicolor,2408-1301 (30pcs Random Styles),Rhinestones & Decorations,SHEIN,2.0,0,0,True,1.7
Brown,one-size,Storage Drawers,SHEIN,25.7,0,0,True,17.99
Multicolor,one-size,Sockets,Unbeatablesale,13.5,0,0,True,13.5
Multicolor,Beige,Travel Glasses Bag,SHEIN,12.0,0,0,True,11.2
Multi-color,one-size,Women Tongue Ring,SHEIN,6.1,0,0,True,4.55
Default,1.6oz,Perfume,Dolce & Gabbana,98.0,0,0,True,66.74
Multicolor,one-size,Car Replacement Parts,Unbeatablesale,35.33,0,0,True,35.33
Multicolor,one-size,Men Tote Bags,Unbeatablesale,22.16,0,0,True,22.16
Light Grey,45*45,Cushion Cover,Jepeak,33.6,0,0,True,24.2
Yellow,1pc,Notebooks,SHEIN,4.8,0,0,True,4.8
,Multicolor,Colored Pencils,SHEIN,79.2,0,0,True,79.2
,A,Fine Pendant Necklaces,SHEIN,10.2,0,0,True,10.2
Multicolor,one-size,Jewelry Making Findings,SHEIN,18.99,0,0,True,15.99
Multicolor,45*45,Cushion Cover,SHEIN,2.5,0,0,True,2.0
Multicolor,one-size,Other Tool Organizers,Unbeatablesale,33.83,0,0,True,33.83
Brown,one-size,Handwear,SHEIN,3.9,0,0,True,3.32
Multicolor,one-size,Party Games & Activities,SHEIN,1.7,0,0,True,1.67
Multicolor,one-size,Wall Decoration,Unbeatablesale,89.02,0,0,True,89.02
Red,one-size,Jewelry Boxes,Unbeatablesale,41.2,0,0,True,41.2
Multicolor,one-size,Wall Decoration,Unbeatablesale,46.8,0,0,True,46.8
Orange,1PC,Artificial Flowers,SHEIN,2.3,0,0,True,1.77
Multicolor,one-size,Other Sports Accessories,Unbeatablesale,48.61,0,0,True,48.61
Multicolor,one-size,Coat Racks,Unbeatablesale,175.18,0,0,True,175.18
Orange,one-size,Other Sports Accessories,Unbeatablesale,29.74,0,0,True,29.74
XiuYu Jade Pagoda,1pc,Table Decorative Ornaments,SHEIN,20.6,0,0,True,19.9
Black,one-size,Cycling Mask & Scarf,SHEIN,1.8,0,0,True,1.37
Black,one-size,Disposable Tableware Sets,SHEIN,38.99,0,0,True,23.49
Multicolor,one-size,Horse Grooming & Bathing Supplies,Unbeatablesale,38.69,0,0,True,38.69
Multicolor Five,one-size,Hair Bands,SHEIN,7.8,0,0,True,7.5
Natural Black,12 Inch,Synthetic Extensions,SHEIN,14.2,0,0,True,11.01
Transparent,Chocolate Cup Torus,Other Party Supplies,SHEIN,2.8,0,0,True,2.8
Blue,one-size,Watering Kits,SHEIN,5.7,0,0,True,4.85
White,one-size,Mops and Mop Sets,SHEIN,74.6,0,0,True,74.6
Multicolor,Plaster Pumpkin Head,Crystal Shapes & Carvings,SHEIN,6.9,0,0,True,3.45
Multicolor,1set,Party Backdrops,SHEIN,3.8,0,0,True,3.23
Purple,one-size,Disposable Napkins,SHEIN,2.6,0,0,True,2.5
White,one-size,Hair Clips,SHEIN,1.4,0,0,True,1.4
Multicolor,Almond,Press On False Nails,SHEIN,1.8,0,0,True,1.6
Multicolor,one-size,Mirror Stickers,SHEIN,3.4,0,0,True,2.72
Multicolor,one-size,Swimming Pools,Unbeatablesale,24.32,0,0,True,24.32
Light Cyan,40*60,Cushion Cover,Jepeak,36.4,0,0,True,26.2
Black,one-size,Women Top Handle Bags,SHEIN,10.3,0,0,True,9.7
Multicolor,one-size,Candles,Unbeatablesale,16.8,0,0,True,16.8
Pink,22LB,Sex Dolls,SHEIN,153.0,0,0,True,95.7
White,one-size,Women Top Handle Bags,SHEIN,11.3,0,0,True,10.6
Multicolor,one-size,Women Layered Necklaces,Unbeatablesale,23.46,0,0,True,23.46
White,one-size,Women Top Handle Bags,SHEIN,11.7,0,0,True,7.61
Clear,30pcs,Tool Accessories,SHEIN,2.4,0,0,True,2.1
Red,15x275cm,Sashes,SHEIN,11.9,0,0,True,10.93
,A,Fine Hoop Earrings,SHEIN,9.5,0,0,True,9.5
Multicolor,one-size,Showerheads & Accessories,Unbeatablesale,36.24,0,0,True,36.24
Multicolor,one-size,Swimming Pools,Unbeatablesale,23.93,0,0,True,23.93
Khaki,one-size,Women Top Handle Bags,SHEIN,11.4,0,0,True,8.55
Multicolor,10 Colors,Sticky Notes,SHEIN,1.5,0,0,True,1.5
Black,Natural Lashes,False Eyelashes,SHEIN,5.5,0,0,True,4.8
Purple,one-size,Horse Grooming & Bathing Supplies,Unbeatablesale,31.1,0,0,True,31.1
Red,Recommended 10-25KG,Children Water Sports,SHEIN,16.0,0,0,True,14.1
White,one-size,Decorative Balloons,SHEIN,2.7,0,0,True,2.3
Khaki,one-size,Men Other Gloves,SHEIN,3.6,0,0,True,3.4
Multicolor,one-size,Tag Guns,SHEIN,5.0,0,0,True,4.8
White,one-size,Kids Doll Clothing,SHEIN,5.4,0,0,True,4.84
Grey,"31.5""x83""",Japanese Curtains,SHEIN,135.0,0,0,True,67.5
Multicolor,one-size,Wall Decoration,Unbeatablesale,73.54,0,0,True,73.54
Multicolor,one-size,Women Tote Bags,SHEIN,10.7,0,0,True,8.03
Gold,68.5*31.4,Standard Hanger,SHEIN,59.99,0,0,True,45.6
Multicolor,Hibiscus Blooming,Assorted Stickers,SHEIN,1.6,0,0,True,1.6
Silver,one-size,Fine Single Ring,SHEIN,8.1,0,0,True,8.1
Multicolor,Macaron Triangle Pencil,Standard Pencils,SHEIN,3.0,0,0,True,1.8
Multicolor,one-size,Labeling Supplies,Unbeatablesale,19.13,0,0,True,19.13
Black,90,Kids Belts & Suspenders,SHEIN,3.6,0,0,True,3.1
Multicolor,one-size,"Pet Collars, Leashes & Harnesses Sets",Unbeatablesale,48.12,0,0,True,48.12
Apricot,40*50,Paint By Number & Accessories,SHEIN,6.4,0,0,True,6.2
Blue,M,Other (Swim Gear),SHEIN,59.99,0,0,True,30.99
Blue Denim,US 11,Women's Running Shoes,Asics,162.75,0,0,True,162.75
Multicolor,one-size,Mouthwash,SHEIN,27.0,0,0,True,24.99
Gold,one-size,Hair Claws,SHEIN,1.6,0,0,True,1.6
Multicolor,one-size,Fidget Toys for Teenager,SHEIN,24.8,0,0,True,18.8
Multicolor,one-size,Hair Clips,SHEIN,3.8,0,0,True,3.6
Multicolor,one-size,Hair Claws,SHEIN,1.4,0,0,True,1.4
Multicolor,one-size,Hair Clips,SHEIN,3.2,0,0,True,2.56
Pink Rabbit Box,one-size,Hair Clips,SHEIN,2.3,0,0,True,1.38
Multicolor,one-size,Cipher Locks,SHEIN,4.0,0,0,True,3.8
Multicolor,one-size,Artificial Grass,Unbeatablesale,24.5,0,0,True,24.5
Red,1PC,Artificial Flowers,SHEIN,2.7,0,0,True,2.6
Gold,Small/Medium,Women Pendant Necklaces,Fossil,54.25,0,0,True,54.25
Medium Blue,18w,Women Jeans,SHEIN,78.0,0,0,True,55.0
,Grey,Women Sports Glasses,SHEIN,4.4,0,0,True,4.2
Burnt Orange,9*9*10cm,Jar Candles,SHEIN,9.0,0,0,True,8.7
Multicolor,one-size,Kids Writing Tools,SHEIN,2.3,0,0,True,2.3
,Black,Electric Kettles,SHEIN,37.8,0,0,True,18.9
Black,24 inch,Synthetic Woven Wigs,SHEIN,14.6,0,0,True,12.7
White,one-size,Edge Protection,SHEIN,2.2,0,0,True,2.1
Multicolor,Pink,Pencil Bags,SHEIN,4.3,0,0,True,2.15
Green,3.4oz,Perfume,Paris Hilton,48.66,0,0,True,37.69
DimGrey,60*60,Cushion Cover,Jepeak,42.0,0,0,True,30.2
Black and White,Square,Press On False Nails,SHEIN,2.1,0,0,True,1.8
Multicolor,20Pcs,Fittings DIY & Tools,SHEIN,2.2,0,0,True,2.1
Pink,one-size,Hair Clips,SHEIN,1.5,0,0,True,1.4
Multicolor,M,Press On False Nails,ROMWE,7.2,0,0,True,6.3
Multicolor,one-size,Computer & Office Accessories,Unbeatablesale,48.79,0,0,True,48.79
,Grey,Floor-Standing Fountains,SHEIN,235.6,0,0,True,170.4
Multicolor,30pcs Graduation Candy Box,Gift Wrap Boxes,SHEIN,7.3,0,0,True,7.1
Multicolor,one-size,Posters & Prints,Unbeatablesale,10.67,0,0,True,10.67
Multicolor,Elephant Anti-fall Pillow,Baby Safety Harnesses & Leashes,SHEIN,17.4,0,0,True,11.31
Black,24 inch,Synthetic Extensions,SHEIN,7.0,0,0,True,3.5
Black,one-size,Women Top Handle Bags,SHEIN,10.5,0,0,True,6.83
White,TU,Women Top Handle Bags,Marc Jacobs,504.16,0,0,True,381.5
Multicolor,one-size,"Clothes, Carpets and Leather Cleaners, Bleaches & Softeners",SHEIN,3.5,0,0,True,3.4
Rice Flower 3 Pieces,10mm,Straw,SHEIN,1.9,0,0,True,1.8
Multicolor,one-size,Whiteboard,Unbeatablesale,26.69,0,0,True,26.69
,one-size,Women Dangle Earrings,SHEIN,14.7,0,0,True,14.7
Multicolor,one-size,Bird Toys,Unbeatablesale,20.93,0,0,True,20.93
Multicolor,one-size,Decorative Balloons,SHEIN,2.8,0,0,True,2.7
Black,one-size,Sports Glasses,SHEIN,3.6,0,0,True,2.74
Multicolor,one-size,Gardening Tools,Unbeatablesale,158.02,0,0,True,158.02
C2 Blue Frame/Blue Lens,one-size,Kids Sports Goggles,SHEIN,39.99,0,0,True,29.99
White,one-size,Bridal Veils,SHEIN,5.1,0,0,True,4.9
Jewellery Pop Beads,248PCS,Kids Abacuses,SHEIN,14.4,0,0,True,14.4
Pink,4Pcs-5ft x 8ft,Party Backdrops,SHEIN,65.8,0,0,True,45.16
Black,one-size,Hair Claws,SHEIN,1.4,0,0,True,1.18
Multicolor,Red 46,Hand Tool Sets,SHEIN,19.8,0,0,True,19.8
As Pic,50×100cm/frameless,Decorative Painting & Calligraphy,SHEIN,5.0,0,0,True,2.5
Multicolor,one-size,Women Layered Necklaces,SHEIN,1.6,0,0,True,1.6
Multicolor,one-size,Bars & Wine Cabinets,Unbeatablesale,227.62,0,0,True,227.62
Multicolor,one-size,Mugs,SHEIN,15.6,0,0,True,15.1
Dusty Pink,one-size,Headbands,DAZY,1.7,0,0,True,0.97
As the Picture0,32 Pcs,Wooden Diy Base & Board,SHEIN,4.7,0,0,True,4.5
Coffee Brown,50*50,Cushion Cover,Jepeak,36.4,0,0,True,26.2
Red + Champagne,1PC,Artificial Flowers,SHEIN,2.4,0,0,True,1.85
Multicolor,one-size,Masking Tape,Unbeatablesale,37.83,0,0,True,37.83
,Silver,Fine Beads,SHEIN,10.6,0,0,True,9.45
Rose Gold,US8.5,Women Platforms & Wedge Sandals,SHEIN,39.95,0,0,True,39.95
,Transparent,Double Sided Tape,SHEIN,2.7,0,0,True,2.7
Multicolor,10pcs,Wrapping & Packaging,SHEIN,1.7,0,0,True,1.6
Baby Blue,Light Blue a,Makeup Bags,SHEIN,4.2,0,0,True,3.7
Multicolor,one-size,Car Replacement Parts,Unbeatablesale,32.43,0,0,True,32.43
,Orange,Women Fashion Glasses,SHEIN,3.5,0,0,True,2.48
Multicolor,one-size,Dispensing Bottles & Storage Bottles,Unbeatablesale,55.16,0,0,True,55.16
Multicolor,one-size,Garden Power Tool Accessories,Unbeatablesale,73.2,0,0,True,73.2
Multicolor,one-size,Adhesive Fastener Tape,Unbeatablesale,67.09,0,0,True,67.09
Green,one-size,Other Storage,SHEIN,13.5,0,0,True,12.6
Grey,one-size,Men Baseball Cap,Imperial,34.0,0,0,True,26.99
Multicolor,one-size,Towel Bars,Unbeatablesale,15.99,0,0,True,15.99
Silver,one-size,Cutting Dies,SHEIN,2.2,0,0,True,2.1
Multicolor,A Purple,Other Commercial Cleaning Supplies,SHEIN,1.6,0,0,True,0.8
Green,one-size,Labeling Supplies,Unbeatablesale,19.29,0,0,True,19.29
Silver,one-size,Women Pants Chain,SHEIN,1.3,0,0,True,1.2
Multicolor,one-size,Decorative Balloons,SHEIN,6.6,0,0,True,5.61
Multicolor,one-size,Decorative Balloons,SHEIN,2.8,0,0,True,2.7
Gold,one-size,Pendants,Unbeatablesale,88.22,0,0,True,88.22
Blue,36pcs,Wig Tools,SHEIN,3.5,0,0,True,2.43
Gold,15x275cm,Sashes,SHEIN,11.2,0,0,True,9.95
White,20pcs/pack,Storage Bags,SHEIN,8.2,0,0,True,7.83
,Conch,Women Beaded Necklaces,SHEIN,2.2,0,0,True,2.2
Sage Green,15x275cm,Sashes,SHEIN,11.3,0,0,True,10.92
Brown,one-size,Disposable Napkins,SHEIN,2.6,0,0,True,2.5
Black,one-size,Men Bracelets,SHEIN,5.4,0,0,True,2.7
Multicolor,one-size,Fidget Toys for Teenager,SHEIN,4.6,0,0,True,4.6
Multicolor,one-size,Decorative Mirrors,Unbeatablesale,157.95,0,0,True,157.95
Multicolor,one-size,Jewelry Making Charms,SHEIN,2.5,0,0,True,2.5
Pink,one-size,Pet Glasses,SHEIN,1.4,0,0,True,1.26
Multicolor,one-size,Pliers,Unbeatablesale,44.44,0,0,True,44.44
Multicolor,one-size,Other Sports Accessories,Unbeatablesale,48.05,0,0,True,48.05
Multicolor,one-size,Women Tote Bags,SHEIN,9.9,0,0,True,9.3
Multicolor,one-size,Decorative Balloons,SHEIN,5.5,0,0,True,5.3
Black and White,30pcs,Food Dispensers,SHEIN,48.0,0,0,True,31.23
Black,one-size,Costume Eyewear,SHEIN,4.8,0,0,True,3.68
Multicolor,one-size,Decorative Balloons,SHEIN,5.9,0,0,True,5.7
Multicolor,Pink,Hair Clips,SHEIN,3.0,0,0,True,2.55
Multicolor,One Set (without Pen),"Kids Diaries, Journals, & Notebooks",SHEIN,4.9,0,0,True,4.9
Multicolor,one-size,Swimming Pools,Unbeatablesale,30.15,0,0,True,30.15
Multicolor,Random Color-20pcs,Noise Makers,SHEIN,1.8,0,0,True,1.8
Brown,one-size,Invitations Cards & Letters,SHEIN,24.99,0,0,True,14.99
Red,one-size,Paper Envelopes,Unbeatablesale,98.53,0,0,True,98.53
Multicolor,one-size,Women Beaded Bracelets,SHEIN,3.6,0,0,True,3.6
Black,220V-240V,Hot Plates,SHEIN,299.2,0,0,True,221.4
Multicolor,1pc,Notebooks,SHEIN,5.8,0,0,True,5.8
Silver,1PC Powder Can,Salt Cellars & Servers,SHEIN,2.3,0,0,True,2.2
Multicolor,Black,Drying Mat & Dish Drying Mat,SHEIN,7.4,0,0,True,6.75
Multicolor,20pcsHua-,Temporary Tattoos,SHEIN,3.5,0,0,True,3.1
White,one-size,Toilet Seat Covers,Unbeatablesale,61.57,0,0,True,61.57
Yellow,125ml,Cleansers,Clarins,35.0,0,0,True,32.0
Brown,A,Cake Toppers,SHEIN,2.3,0,0,True,1.77
Multicolor,White Skull Hat,Halloween Party Supplies,SHEIN,11.8,0,0,True,11.4
Apricot,36pcs,Wooden Diy Base & Board,SHEIN,56.6,0,0,True,54.6
Black,one-size,Plus Size Sexy Lingerie,SHEIN,4.79,0,0,True,2.4
Multicolor,one-size,Horse Grooming & Bathing Supplies,Unbeatablesale,17.55,0,0,True,17.55
Brown,M,Bird Houses & Nests,SHEIN,6.0,0,0,True,5.95
Blue,one-size,Tank & Accessories,SHEIN,2.6,0,0,True,1.3
Multicolor,3 Inches,Stickers,SHEIN,1.3,0,0,True,1.06
Brown,one-size,Television Stands & Entertainment Centers,SHEIN,709.99,0,0,True,185.99
Multicolor,one-size,Travel Duffel Bags,Unbeatablesale,38.69,0,0,True,38.69
Gray wood grain,30 in. W * 18 in. D * 24 in. H,Bathroom Furniture Sets,SHEIN,371.8,0,0,True,263.9
,one-size,Kids Fashion Glasses,SHEIN,4.0,0,0,True,3.3
Silver,256GB,Laptops,SHEIN,340.3,0,0,True,238.2
Beige,40*40,Cushion Cover,Jepeak,32.2,0,0,True,23.2
White,one-size,Other Party Accessories,Unbeatablesale,35.46,0,0,True,35.46
White,4-liter,Kitchen Air Purifier,SHEIN,36.8,0,0,True,26.6
,Clear,Sticky Notes,SHEIN,2.1,0,0,True,2.1
Black,34 inch,Synthetic Lace Wigs,SHEIN,34.4,0,0,True,30.0
Multicolor,one-size,Glass Cleaner,SHEIN,4.7,0,0,True,4.6
Red,one-size,Labeling Supplies,Unbeatablesale,13.42,0,0,True,13.42
Multicolor,one-size,Wall Decoration,Unbeatablesale,229.95,0,0,True,229.95
Multicolor,one-size,Tool Cases,Unbeatablesale,15.26,0,0,True,15.26
Red,one-size,Binders,Unbeatablesale,16.92,0,0,True,16.92
White,one-size,Women Hoop Earrings,SHEIN,1.3,0,0,True,1.3
Silver,one-size,Women Dangle Earrings,SHEIN,1.7,0,0,True,1.7
Silver,one-size,Other Kitchen Tools,SHEIN,2.5,0,0,True,2.4
Red,one-size,Scented Candles,SHEIN,2.9,0,0,True,2.8
Black/ Gray/ White,36.5,Women's Running Shoes,Nike,85.29,0,0,True,85.29
White,one-size,Women Top Handle Bags,SHEIN,11.9,0,0,True,8.93
Multicolor,35 Color Stars-35 Styles Full Set-self-adhesive,Garment Decoration Excipients,SHEIN,4.7,0,0,True,4.5
Burgundy,15x275cm,Sashes,SHEIN,11.3,0,0,True,11.3
White,1 Roll,Tape,SHEIN,2.4,0,0,True,2.3
Multicolor,one-size,Caulking Guns,Unbeatablesale,24.56,0,0,True,24.56
Multicolor,Star Pink Series Dark Light 20,Hair Clips,SHEIN,1.7,0,0,True,1.2
White,one-size,Noise Makers,SHEIN,2.9,0,0,True,2.23
Yellow,one-size,Sleeping Bags,The North Face,790.0,0,0,True,790.0
Multicolor,one-size,Sockets,Unbeatablesale,18.88,0,0,True,18.88
,Silver,Fine Beads,SHEIN,7.6,0,0,True,4.56
Yellow Gold,one-size,Women Bangles,SHEIN,2.5,0,0,True,2.43
,one-size,Nail Curing Lamps & Dryers,SHEIN,50.3,0,0,True,43.9
Multicolor,one-size,Keyrings & Keychains,Unbeatablesale,44.49,0,0,True,44.49
Silver,one-size,Horse Grooming & Bathing Supplies,Unbeatablesale,47.78,0,0,True,47.78
Gold,one-size,Women Top Handle Bags,SHEIN,9.6,0,0,True,7.1
White,Lightning,Wired Earphone,SHEIN,5.6,0,0,True,5.6
Multicolor,one-size,Women Beaded Necklaces,SHEIN,1.5,0,0,True,1.28
Clear,750ml+80ml*2,Bar Measures,SHEIN,38.0,0,0,True,32.3
Multicolor Random,one-size,Other Games & Accessories,SHEIN,1.4,0,0,True,1.4
Multicolor,one-size,Pressure Cookers,Unbeatablesale,175.21,0,0,True,175.21
White,one-size,Women Scarves Accessories,SHEIN,2.4,0,0,True,2.3
Blackish Green,45*45,Cushion Cover,Jepeak,33.6,0,0,True,24.2
Yellow,one-size,Bird Feeders & Animal Husbandry,Unbeatablesale,9.1,0,0,True,9.1
Brown,View Image,DIY Kits,SHEIN,1.9,0,0,True,1.9
Brown,M,Men Shirts,Supreme,217.64,0,0,True,217.64
Multicolor,one-size,Safety Helmets,Unbeatablesale,22.53,0,0,True,22.53
Yellow,one-size,Wet Wipes,SHEIN,2.7,0,0,True,2.46
Multicolor,one-size,Christmas Party Supplies,Unbeatablesale,20.17,0,0,True,20.17
Light Grey,50*60inc,"Sofa Blankets, Throw Blankets & Nap Blankets",SHEIN,15.2,0,0,True,11.0
White,one-size,Other Party Favors,SHEIN,5.3,0,0,True,5.1
Multicolor,Gold 10pcs,Hair Clips,SHEIN,1.4,0,0,True,1.05
,one-size,Men Quartz Watches,SHEIN,16.6,0,0,True,16.6
,Silver,Waffle Makers,SHEIN,39.8,0,0,True,29.5
Multicolor,one-size,Dining Chairs,Unbeatablesale,21.95,0,0,True,21.95
Black,one-size,Selfiestick & Tripod Head,SHEIN,10.5,0,0,True,10.5
,Yellow Gold,Jewelry Making Basic Jewelry,SHEIN,2.4,0,0,True,2.36
Multicolor,10pcs,Slides,SHEIN,17.1,0,0,True,17.1
Multicolor,one-size,Car Replacement Parts,Unbeatablesale,107.64,0,0,True,107.64
RusticBrown/Black,one-size,Coffee Tables,SHEIN,129.99,0,0,True,105.99
Multicolor,one-size,Hair Clips,SHEIN,3.0,0,0,True,2.9
Multicolor,one-size,Kids Clothing Accessory Sets,SHEIN,31.4,0,0,True,23.9
Multicolor,one-size,Swimming Pools,Unbeatablesale,22.14,0,0,True,22.14
Multicolor,one-size,Kids Writing Tools,SHEIN,1.6,0,0,True,1.6
White,33 Inch,Photo Studio,SHEIN,4.5,0,0,True,4.5
Multicolor,one-size,"Statue, Maquette & Bust Action Figures",My Hero Academia,317.68,0,0,True,317.68
Blue-Green,60*60,Cushion Cover,Jepeak,39.2,0,0,True,28.2
HAVANA/PINK GRADIENT BROWN,60mm,Women Sunglasses,Ray-Ban,184.96,0,0,True,184.96
Multicolor,A,Other Party Favors,SHEIN,6.6,0,0,True,6.4
Default,XXL,Men Briefs,Tom Ford,78.42,0,0,True,78.42
Green,one-size,Artificial Vertical Vines,SHEIN,1.4,0,0,True,1.3
Strawberry Box,one-size,Hair Clips,SHEIN,2.1,0,0,True,2.0
Multicolor,one-size,Car Replacement Parts,Unbeatablesale,27.82,0,0,True,27.82
Purple,iPhone 12 Pro Max,Stand Phone Case,SHEIN,12.7,0,0,True,8.6
Black,one-size,Car Key Case,SHEIN,2.3,0,0,True,2.3
White,TU,Women Top Handle Bags,Marni,859.08,0,0,True,570.89
,Camouflage Skull-wind Chime Lamp,Outdoor Pendant Lights,SHEIN,8.7,0,0,True,8.7
Beige,one-size,Kitchen Bags,SHEIN,6.3,0,0,True,6.1
Multicolor,33*33 Horse,Disposable Napkins,SHEIN,3.1,0,0,True,3.0
Clear,20pcs,Festival Decor,SHEIN,3.1,0,0,True,3.0
Silver,9cm*15cm,Oil Sprayer & Oil Reservoirs,SHEIN,16.3,0,0,True,15.7
Black,TY4845,Decorative Garden Stakes,SHEIN,6.5,0,0,True,6.3
Gold,one-size,Women Pendant Necklaces,Unbeatablesale,12.91,0,0,True,12.91
Multicolor,one-size,Men Football Uniforms,Unbeatablesale,22.34,0,0,True,22.34
Transparent Pink,45mm,Women Sunglasses,Ray-Ban,90.23,0,0,True,90.23
Black,10pcs,Sugar & Creamer Pots,SHEIN,9.8,0,0,True,9.5
Burgundy,30ml,Serums & Facial Treatment,SHEIN,2.5,0,0,True,2.2
Sakura Refrigerator Mat,1 Roll_17.7inchX47.2inch,Kitchen Cabinet Parts & Accessories,SHEIN,4.6,0,0,True,4.6
Multicolor,9 g,Moisturizers,SHEIN,22.99,0,0,True,20.99
Multicolor,one-size,Costume Facial Hair & Wigs,SHEIN,12.69,0,0,True,12.69
Yellow,one-size,Tool Parts,SHEIN,17.5,0,0,True,17.5
Multicolor,30*100cm,Drawer Liner,SHEIN,2.3,0,0,True,1.15
Multicolor,A Shoe Pendant,Decorative Hanging Ornaments,SHEIN,3.4,0,0,True,2.72
Pink,one-size,Women Top Handle Bags,SHEIN,11.1,0,0,True,10.4
Multicolor,Random Color,Sports Bag Charms,SHEIN,2.3,0,0,True,2.1
Gold,one-size,Vases,Unbeatablesale,35.48,0,0,True,35.48
Hot Pink,Travel Plane,Kids Vehicles,SHEIN,27.4,0,0,True,27.4
,Clear,Rulers,SHEIN,1.7,0,0,True,1.69
Blue-Green,40*60,Cushion Cover,Jepeak,36.4,0,0,True,26.2
Pink,15x275cm,Sashes,SHEIN,11.7,0,0,True,11.7
Multicolor,one-size,Pet Health Care Tools,Unbeatablesale,19.8,0,0,True,19.8
Multicolor,30*40,DIY Diamond Painting & Accessories,SHEIN,3.7,0,0,True,3.6
Multicolor,one-size,Pet Placemats,Unbeatablesale,29.39,0,0,True,29.39
Multicolor,one-size,Fittings DIY & Tools,SHEIN,2.0,0,0,True,1.9
Black,one-size,Men Baseball Cap,SHEIN,48.99,0,0,True,48.99
White,one-size,Standard Leashes,Unbeatablesale,21.72,0,0,True,21.72
White,one-size,Halloween Party Supplies,SHEIN,2.7,0,0,True,2.6
Multicolor,one-size,Hanging Hardware,Unbeatablesale,21.63,0,0,True,21.63
Multicolor,Twenty Random Straws,Disposable Kitchenware,SHEIN,4.2,0,0,True,4.1
,Silver Frame Gradually Turns Into Mercury,Women Fashion Glasses,SHEIN,4.3,0,0,True,3.66
,Yellow Gold,Women Jewelry Sets,SHEIN,2.5,0,0,True,0.75
Multicolor,36 Pieces Black Bat,Wall Decor & Stickers,SHEIN,2.0,0,0,True,2.0
,Gold Blue,Men Quartz Watches,SHEIN,11.0,0,0,True,10.3
02C 270pcs,02C 270pcs,Wire Junction Boxes,SHEIN,25.7,0,0,True,25.7
Green,one-size,Women Tote Bags,SHEIN,9.3,0,0,True,8.7
Blue Highlight,22 inch,Synthetic Extensions,SHEIN,4.4,0,0,True,3.8
Multicolor,Battle Villain,Kids Interactive Games,SHEIN,2.2,0,0,True,2.2
Multicolor,20PCS,Other Party Favors,SHEIN,1.8,0,0,True,1.67
,Brown,Floor-Standing Fountains,SHEIN,187.3,0,0,True,135.5
Multicolor,20pcs,Festival Decor,SHEIN,4.1,0,0,True,4.0
Red,one-size,Paper Envelopes,Unbeatablesale,39.85,0,0,True,39.85
Transparent,23x23x1cm,Embossing Tools,SHEIN,13.9,0,0,True,13.4
Multicolor,20 OZ,Insulated Water Bottles for Outdoor,SHEIN,16.3,0,0,True,10.2
Baby Blue,one-size,Kids Interactive Games,SHEIN,5.2,0,0,True,5.2
Multicolor,one-size,Utility Shelves,Unbeatablesale,65.92,0,0,True,65.92
Multicolor,one-size,Bells,SHEIN,1.6,0,0,True,1.5
Mint Green,one-size,"Kids Diaries, Journals, & Notebooks",SHEIN,7.4,0,0,True,5.92
,one-size,Perfume,Gucci,162.0,0,0,True,130.6
Multicolor,1PC (knitted Sunflower) Comes With a Small Pot,Artificial Plants,SHEIN,3.2,0,0,True,2.02
Red,one-size,Skateboard Grip Tape,Unbeatablesale,107.13,0,0,True,107.13
Multicolor,one-size,Hot & Cold Therapies,Unbeatablesale,25.37,0,0,True,25.37
Multicolor,one-size,Banners & Pennants,SHEIN,1.8,0,0,True,1.37
Red,one-size,"Kids Diaries, Journals, & Notebooks",SHEIN,9.0,0,0,True,9.0
Multicolor,one-size,Fondue Forks And Utensils,Unbeatablesale,39.11,0,0,True,39.11
Multicolor,one-size,Food Storage & Transport Tools,Unbeatablesale,20.67,0,0,True,20.67
Khaki,1PC(50m/164ft),Shredded Tissue Paper,SHEIN,2.0,0,0,True,1.52
Red,iPhone 12 Pro Max,Stand Phone Case,SHEIN,12.7,0,0,True,8.6
White,one-size,Decorative Crafts,SHEIN,16.3,0,0,True,15.7
Multicolor,Transparent Three-grid Style,Makeup Organizers,SHEIN,5.2,0,0,True,2.6
Pink,one-size,Car Key Case,SHEIN,2.3,0,0,True,2.07
Multicolor,30pcs,Festival Decor,SHEIN,15.0,0,0,True,14.5
Black,one-size,Headbands,DAZY,1.8,0,0,True,1.7
Navy Blue,About 42cm*25cm,Cycling Mask & Scarf,SHEIN,2.0,0,0,True,1.2
,20pcs-Middle(20mm),Clips,SHEIN,5.0,0,0,True,5.0
Multicolor,one-size,Assorted Stickers,SHEIN,3.5,0,0,True,3.5
Black,one-size,Party Backdrops,SHEIN,3.5,0,0,True,3.3
Red,one-size,Wall Decoration,Unbeatablesale,44.06,0,0,True,44.06
Multicolor,one-size,Kids Kitchen Playsets,SHEIN,24.5,0,0,True,24.5
White,one-size,Food Packaging Tape & Stickers & Labels,SHEIN,2.7,0,0,True,2.6
Multicolor,one-size,Dartboards,SHEIN,10.9,0,0,True,9.6
Multicolor,Transparent Color - 1 Piece,Commercial Personal Suppliers Storages,SHEIN,1.7,0,0,True,1.36
Black,73*95,Decorative Tapestry,SHEIN,3.2,0,0,True,2.72
Black and White,Warm Light,Lawn Lamps,SHEIN,57.5,0,0,True,48.88
Multicolor,One-size,Window Valance,Unbeatablesale,34.69,0,0,True,34.69
Silver,one-size,Women Dangle Earrings,SHEIN,1.4,0,0,True,1.12
Multicolor,one-size,Assorted Stickers,SHEIN,5.4,0,0,True,5.4
White,one-size,Women Top Handle Bags,SHEIN,9.6,0,0,True,9.0
Multicolor,one-size,Caulking Guns,Unbeatablesale,58.39,0,0,True,58.39
Dark Blue Check,140*100,Wearable Blankets,SHEIN,16.8,0,0,True,16.8
Black,one-size,Women Winter Coats,Anewsta,76.79,0,0,True,65.27
Multicolor,one-size,Decorative Rugs,Unbeatablesale,72.21,0,0,True,72.21
WiFi 2+32GB,"9""",Car Intelligence System,SHEIN,148.6,0,0,True,105.5
Multicolor,one-size,Masking Tape,Unbeatablesale,66.57,0,0,True,66.57
Multicolor,one-size,Decorative Bowls & Plates,Unbeatablesale,28.23,0,0,True,28.23
Black Brown,26 inch,Synthetic Woven Wigs,SHEIN,16.0,0,0,True,14.0
Clear,Galaxy Z Flip5 5G,Basic Phone Cases,SHEIN,2.0,0,0,True,2.0
Black,one-size,Women Harness Belts,SHEIN,5.8,0,0,True,4.13
Multicolor,14pcs Per Set,Eyeglass Care,SHEIN,2.2,0,0,True,2.2
Multicolor,one-size,Labeling Supplies,Unbeatablesale,39.1,0,0,True,39.1
Multicolor,one-size,Safe Accessories,Unbeatablesale,34.37,0,0,True,34.37
1810264,one-size,"Statue, Maquette & Bust Action Figures",Bandai Namco,66.75,0,0,True,66.75
Multicolor,one-size,Women Tote Bags,SHEIN,10.7,0,0,True,8.03
Nine-grid Sudoku,Wooden Sudoku Game,Kids Sudoku Puzzles,SHEIN,13.7,0,0,True,13.7
,Blue,Projectors,SHEIN,88.0,0,0,True,88.0
Silver,one-size,Office Adhesive Tape,Unbeatablesale,24.44,0,0,True,24.44
Silver,one-size,Women Hair Jewelry,SHEIN,2.7,0,0,True,2.3
Multicolor,one-size,Car Replacement Parts,Unbeatablesale,104.35,0,0,True,104.35
Multicolor,one-size,Hanging Hardware,Unbeatablesale,19.35,0,0,True,19.35
Multicolor,one-size,Makeup Bags,Unbeatablesale,71.97,0,0,True,71.97
C4 Black Frame/Gold Lens,one-size,Kids Sports Goggles,SHEIN,39.99,0,0,True,29.99
Green,one-size,Bird Feeders & Animal Husbandry,Unbeatablesale,9.49,0,0,True,9.49
Multicolor,one-size,Labeling Supplies,Unbeatablesale,16.28,0,0,True,16.28
Black,XL,Women's Sports Polos,SHEIN,35.0,0,0,True,17.99
Multicolor,one-size,Car Replacement Parts,Unbeatablesale,73.16,0,0,True,73.16
White,one-size,Dining Tables,Unbeatablesale,335.59,0,0,True,335.59
Multicolor,one-size,Kitchen Knives,SHEIN,5.8,0,0,True,4.93
Fire,5inch/12.7cm,Stickers,SHEIN,1.5,0,0,True,1.4
Multicolor,3 Inches,Stickers,SHEIN,1.3,0,0,True,1.16
Marble/Gold,one-size,Coffee Tables,SHEIN,129.99,0,0,True,105.99
Green,one-size,Copyholders & Book Stands,SHEIN,6.9,0,0,True,6.9
3cm Random Color,Wizard Hat,Healing Crystals,SHEIN,4.2,0,0,True,3.6
Multicolor,one-size,Tactical Vest & Harness,Unbeatablesale,55.69,0,0,True,55.69
,one-size,Women Pendant Necklaces,SHEIN,2.6,0,0,True,2.6
Silver,one-size,Women Braid Rings,SHEIN,1.5,0,0,True,1.5
Multicolor,20 Pcs,Kids Dress Up Sets,SHEIN,3.3,0,0,True,3.3
Ombre,28 inch,Synthetic Woven Wigs,SHEIN,16.0,0,0,True,13.37
White,one-size,Hair Clips,SHEIN,1.9,0,0,True,1.8
Black,one-size,Artificial Flowers,SHEIN,76.99,0,0,True,57.48
Envelope Box,one-size,Hair Clips,SHEIN,2.3,0,0,True,2.2
,White,Electronic Nail Art Equipment,SHEIN,15.0,0,0,True,15.0
Gold,one-size,Customized Fashion Engraved Necklaces,SHEIN,6.3,0,0,True,6.3
Black,34 inch,Synthetic Lace Wigs,SHEIN,34.2,0,0,True,29.8
Multicolor,one-size,Pliers,Unbeatablesale,61.06,0,0,True,61.06
Multicolor,one-size,Decorative Balloons,SHEIN,1.8,0,0,True,1.53
Black,one-size,Kids Stickers & Collage,SHEIN,5.5,0,0,True,5.5
Multicolor,one-size,Tool Cases,Unbeatablesale,16.71,0,0,True,16.71
White,one-size,Markers,Unbeatablesale,14.42,0,0,True,14.42
Multicolor,One-size,Window Valance,Unbeatablesale,29.69,0,0,True,29.69
Multicolor,10 Brushes Simple Pack,Brushes Sets,SHEIN,4.0,0,0,True,3.5
Green,one-size,Standard Leashes,Unbeatablesale,20.45,0,0,True,20.45
Gold,one-size,Jewelry Making Earring Findings,SHEIN,2.8,0,0,True,2.8
Multicolor,19pcs,Door Decorations,SHEIN,25.4,0,0,True,23.9
Beige,Medium,Women Tote Bags,SHEIN,11.6,0,0,True,10.8
Black,240,Women Casual Athletic Shoes,Nike,475.93,0,0,True,340.24
Multicolor,one-size,Horse Grooming & Bathing Supplies,Unbeatablesale,22.01,0,0,True,22.01
Black,3mm,Beads,SHEIN,1.8,0,0,True,1.8
Blue,one-size,Kids Sea Animal Figure Toys,SHEIN,9.3,0,0,True,9.3
Multicolor,one-size,Tool Cases,Unbeatablesale,18.11,0,0,True,18.11
Multicolor,one-size,Men Baseball Cap,SHEIN,56.0,0,0,True,20.99
Black,one-size,Makeup Bags,SHEIN,2.8,0,0,True,2.8
Multicolor,one-size,Pressure Cookers,Unbeatablesale,63.52,0,0,True,63.52
Multicolor,Pink,Kids Clothing Accessory Sets,SHEIN,3.2,0,0,True,3.2
White,one-size,Pet Shoes & Boots,Unbeatablesale,24.08,0,0,True,24.08
Multicolor,one-size,Men Football Uniforms,Unbeatablesale,30.73,0,0,True,30.73
Black,one-size,Women Shoulder Bags,SHEIN,9.5,0,0,True,5.7
Black,one-size,Gel Pens,SHEIN,3.5,0,0,True,3.5
Multicolor,Colorful Light Fantasy Series 6 Models,Assorted Stickers,SHEIN,4.9,0,0,True,4.9
Multicolor,Merry Christmas Wooden Sign 30pcs,Holiday Decoration Supplies,SHEIN,4.6,0,0,True,4.4
Multicolor,one-size,Disposable Napkins,SHEIN,2.3,0,0,True,2.2
Red,one-size,Women Top Handle Bags,SHEIN,7.3,0,0,True,6.8
Default,1.7oz,Facial Masks,Talia,59.99,0,0,True,46.81
Rose Gold,15x275cm,Sashes,SHEIN,11.7,0,0,True,10.05
Multicolor,one-size,Charger Cable Adapters,Unbeatablesale,17.33,0,0,True,17.33
Red,25pcs,Gel Pens,SHEIN,2.7,0,0,True,2.7
Multicolor,one-size,Sockets,Unbeatablesale,42.31,0,0,True,42.31
Blue,21-piece Decorating Nozzle Set,Piping Bags & Tips,SHEIN,2.9,0,0,True,2.23
Multicolor,one-size,Women Pendant Necklaces,SHEIN,2.4,0,0,True,2.4
Denim Blue,60*60,Cushion Cover,Jepeak,23.8,0,0,True,17.1
3 Pieces Of Purple and White Powder,10mm,Straw,SHEIN,2.2,0,0,True,2.1
Blue,25pcs,Gel Pens,SHEIN,2.6,0,0,True,2.08
Default,Large,Shampoos & Conditioners,Joico,42.5,0,0,True,31.75
White,one-size,Other Party Accessories,Unbeatablesale,40.57,0,0,True,40.57
Multicolor,one-size,Drawer Organizer,Unbeatablesale,31.54,0,0,True,31.54
Black and White,one-size,Women Tote Bags,SHEIN,13.2,0,0,True,12.3
DIY Children's Sewing Fun,one-size,Kids Sewing,SHEIN,7.6,0,0,True,4.94
Multicolor,one-size,Car Replacement Parts,Unbeatablesale,81.64,0,0,True,81.64
,Blue,"Women Brooch, Lapel Pin & Scarf Ring",SHEIN,1.7,0,0,True,1.7
Multicolor,one-size,Women Tote Bags,SHEIN,9.6,0,0,True,9.0
Black,one-size,Costume Eyewear,SHEIN,6.0,0,0,True,3.9
Multicolor,Mixed Color Set,Beads,SHEIN,4.1,0,0,True,2.46
Multicolor,Three Colors Sent Randomly,Staples,SHEIN,2.6,0,0,True,2.08
Dark Brown,24 inch,Synthetic Extensions,SHEIN,3.3,0,0,True,2.34
Multicolor,30pcs/box,Pendants,SHEIN,3.8,0,0,True,3.8
Multicolor,one-size,Bandage,Unbeatablesale,23.65,0,0,True,23.65
Multicolor,Red Yarn-1pc,Festival Decor,SHEIN,4.4,0,0,True,3.74
Hot Pink,one-size,Cake Toppers,SHEIN,6.6,0,0,True,6.3
Multicolor,one-size,Lighting Fixture Chains,Unbeatablesale,48.18,0,0,True,48.18
Grey Three-petal Flower Earrings,one-size,Women Stud Earrings,SHEIN,1.8,0,0,True,1.8
Multicolor,one-size,Bakeware Sets,SHEIN,19.5,0,0,True,18.8
White,one-size,Hair Styling Tools,SHEIN,1.9,0,0,True,1.62
Multicolor,one-size,Other Party Favors,SHEIN,2.2,0,0,True,2.2
Silver,one-size,Cookware Handles & Knobs,Unbeatablesale,13.38,0,0,True,13.38
,one-size,Smart Watches,SHEIN,29.1,0,0,True,29.1
Transparent,one-size,Wedding Decoration,SHEIN,1.8,0,0,True,1.37
White,均码,Ceiling Fans,SHEIN,42.6,0,0,True,41.44
Multicolor,one-size,Other Sports Accessories,Unbeatablesale,105.05,0,0,True,105.05
Multicolor,one-size,Party Costumes & Sets,SHEIN,41.59,0,0,True,41.59
Purple,1PC,Artificial Flowers,SHEIN,2.8,0,0,True,2.44
,Multicolor,Men Baseball Cap,SHEIN,4.8,0,0,True,3.0
Pink,one-size,Makeup Bags,Unbeatablesale,84.99,0,0,True,84.99
Multicolor,ASilicone Pink,Keyrings & Keychains,SHEIN,2.2,0,0,True,2.1
Multicolor,one-size,Labeling Supplies,Unbeatablesale,21.34,0,0,True,21.34
Multicolor,one-size,Other Sports Accessories,Unbeatablesale,47.7,0,0,True,47.7
Black,one-size,Camping & Hiking Accessories,SHEIN,7.8,0,0,True,6.9
Multicolor,one-size,Door Handles & Locks,Unbeatablesale,21.64,0,0,True,21.64
Multicolor,20pcs,Food Wrap Boxes,SHEIN,5.0,0,0,True,4.8
Clear,one-size,Parchment,SHEIN,8.3,0,0,True,8.3
Multicolor,One Size 1pc,Festival Decor,SHEIN,1.5,0,0,True,1.28
Navy Blue,30 inch,Cosplay Wigs,SHEIN,12.9,0,0,True,9.39
Beige,one-size,Outdoor Sports & Tote Bags,GLOWMODE,35.0,0,0,True,35.0
Multicolor,BR496,Nursery Wall Décor,SHEIN,3.3,0,0,True,1.82
blue and white 6pcs/set,4.5 Inch,Bowls,SHEIN,21.9,0,0,True,15.01
Blue,30Pcs,Temporary Tattoos,SHEIN,5.7,0,0,True,5.0
SteelBlue,66*66,Cushion Cover,Jepeak,28.5,0,0,True,20.6
Silver,one-size,Pendant & Drop Ornaments,SHEIN,113.99,0,0,True,87.99
Pencil Case + Eraser,one-size,Pencil Bags,SHEIN,5.6,0,0,True,5.6
Red,one-size,Women Top Handle Bags,SHEIN,12.5,0,0,True,9.38
Gold,one-size,Cake Toppers,SHEIN,1.3,0,0,True,0.96
Multicolor,one-size,Pencil Bags,SHEIN,5.3,0,0,True,4.24
Yellow,one-size,Horse Grooming & Bathing Supplies,Unbeatablesale,26.22,0,0,True,26.22
Light Grey,one-size,"Kids Diaries, Journals, & Notebooks",SHEIN,2.6,0,0,True,2.6
Black Brown,24 inch,Synthetic Extensions,SHEIN,7.0,0,0,True,6.1
Multicolor,one-size,Other Sewing Tools & Accessories,SHEIN,1.3,0,0,True,1.3
Beige,50*50,Cushion Cover,Jepeak,21.4,0,0,True,15.4
Multicolor,one-size,Swimming Pools,Unbeatablesale,17.6,0,0,True,17.6
Color Mixing,150pcs/pack,Festival Decor,SHEIN,1.8,0,0,True,1.7
Multicolor,Picture Color (accessories Sent Randomly),Fittings DIY & Tools,SHEIN,6.1,0,0,True,5.8
Multicolor,Pink,Bag Charms,SHEIN,2.4,0,0,True,2.2
Black,30 inch,Cosplay Wigs,SHEIN,13.6,0,0,True,11.48
Green,one-size,Cat Trees & Condos,SHEIN,115.6,0,0,True,115.6
HAPPY TURKEY LUXE,6,Plus Size Bikini Tops,SHEIN,68.0,0,0,True,28.66
Dusty Pink,one-size,Women Dangle Earrings,ROMWE,1.6,0,0,True,1.6
Multicolor,30pcs,Temporary Tattoos,SHEIN,1.9,0,0,True,1.7
,Black,Men Fashion Glasses,SHEIN,4.8,0,0,True,4.6
,one-size,Women Anklets,SHEIN,4.2,0,0,True,3.07
Multicolor,one-size,Fishing Accessories,Unbeatablesale,376.79,0,0,True,376.79
Light Grey,one-size,Hanging Organizers,SHEIN,35.99,0,0,True,30.99
Purple,one-size,Dispensing Bottles & Storage Bottles,Unbeatablesale,11.3,0,0,True,11.3
,one-size,Women Quartz Watches,SHEIN,3.1,0,0,True,3.1
Black,one-size,Women Dangle Earrings,ROMWE,1.6,0,0,True,0.96
Rose Red,22x22x3 Inch,Outdoor Pillows & Cushions,SHEIN,64.7,0,0,True,46.6
,10 Pieces,Shoes Accessories,SHEIN,2.2,0,0,True,1.1
Red,600LED,String Lights,SHEIN,39.99,0,0,True,35.99
Multicolor,1 Keychain,Key Holder & Keychain Organizers,SHEIN,2.9,0,0,True,2.9
Multicolor,A Yellow Coconut Wood Color,Wall Paper,SHEIN,5.7,0,0,True,2.85
Black,one-size,Decorative Letters & Numbers,SHEIN,12.9,0,0,True,12.5
Multicolor,one-size,Women Dangle Earrings,ROMWE,1.5,0,0,True,1.0
Black,one-size,Women Tote Bags,SHEIN,8.0,0,0,True,6.0
,one-size,Kids Watches,SHEIN,2.4,0,0,True,2.0
Black,one-size,Multifunctional Storage Bags,SHEIN,2.7,0,0,True,2.55
Black & Red,"17""L x 10""W x 11.5""H",Pet Hard-Sided Carriers,SHEIN,35.99,0,0,True,25.99
Multicolor,one-size,Disposable Napkins,SHEIN,3.2,0,0,True,3.1
Rose Gold,1TB,Laptops,SHEIN,456.2,0,0,True,319.3
White,one-size,Women Jewelry Sets,SHEIN,2.4,0,0,True,2.4
Pink,one-size,Women Dangle Earrings,ROMWE,1.6,0,0,True,1.6
Multicolor,20pcs,Artificial Plants,SHEIN,2.4,0,0,True,2.3
Brown,one-size,Decorative Letters & Numbers,SHEIN,17.1,0,0,True,13.17
White,one-size,Flower Pots & Planters,SHEIN,83.3,0,0,True,60.2
Violet Purple,one-size,Women Dangle Earrings,ROMWE,1.6,0,0,True,0.96
Multicolor,one-size,Sockets,Unbeatablesale,30.45,0,0,True,30.45
Multicolor,1 Set/4pcs,Erasers,SHEIN,2.4,0,0,True,2.4
Mint Green,one-size,Other Storage,SHEIN,2.6,0,0,True,2.5
Black,one-size,Cable Storage,SHEIN,2.6,0,0,True,2.56
White,Set Of Wood Cleaner (100g),Wall Mending Agent & Caulk,SHEIN,3.8,0,0,True,3.8
Coral Pink,one-size,Women Dangle Earrings,ROMWE,1.6,0,0,True,1.6
Black,300ML,Other Kitchen Tools,SHEIN,3.6,0,0,True,3.37
Pink,one-size,Patches,SHEIN,4.4,0,0,True,4.2
Multicolor,4-piece Set - Apricot Pink Green Blue,Dinner Plate,SHEIN,12.5,0,0,True,12.0
Lick Itself,My Oven,Oven Mitts & Oven Sleeves,SHEIN,15.99,0,0,True,13.99
Black,one-size,Other Surf Supplies,SHEIN,8.0,0,0,True,7.0
"Black, White, Red and Yellow",Height 36cm,Plush & Stuffed Collections for Teenager,SHEIN,26.4,0,0,True,26.4
Multicolor,Anti-slip Stickers,Clothing Anti-Slip Accessories,SHEIN,1.2,0,0,True,1.2
,Pink,Curling Tongs & Curling Wands,SHEIN,76.5,0,0,True,51.4
Multicolor,one-size,Labeling Supplies,Unbeatablesale,11.92,0,0,True,11.92
Red,one-size,Wall Mounted Mirrors,Unbeatablesale,52.93,0,0,True,52.93
Black,one-size,Network Cards,SHEIN,4.5,0,0,True,4.28
Hot Pink,one-size,Women Dangle Earrings,ROMWE,1.6,0,0,True,1.6
Blue,one-size,Women Dangle Earrings,ROMWE,1.6,0,0,True,1.6
Khaki,one-size,Women Tote Bags,SHEIN,8.4,0,0,True,7.9
Purple,one-size,Women Dangle Earrings,ROMWE,1.6,0,0,True,1.6
Multicolor,one-size,Wall Decoration,Unbeatablesale,25.09,0,0,True,25.09
As the Picture0,10 Pcs,Jewelry Gift Packaging,SHEIN,6.6,0,0,True,6.4
Yellow Grid,Butterfly Wormwood,Trash Bags,SHEIN,2.5,0,0,True,2.34
Gold,one-size,Kids Dress-Up Accessories,SHEIN,4.9,0,0,True,4.1
White,one-size,Vases,SHEIN,215.44,0,0,True,149.61
Silver,one-size,Women Jewelry Sets,SHEIN,3.0,0,0,True,3.0
Gold,one-size,Women Stud Earrings,SHEIN,3.5,0,0,True,3.26
,one-size,Women Earring Sets,SHEIN,1.9,0,0,True,1.62
Multicolor,Random 10pcs,Christmas Supplies,SHEIN,2.1,0,0,True,1.96
Khaki,one-size,Hair Clips,SHEIN,1.7,0,0,True,1.7
Multicolor,one-size,Sockets,Unbeatablesale,16.71,0,0,True,16.71
Multicolor,one-size,Sexy Lingerie Accessories,SHEIN,10.7,0,0,True,9.4
Baby Blue,24 inch,Synthetic Woven Wigs,SHEIN,14.6,0,0,True,12.7
Ombre,16 inch,Synthetic Woven Wigs,SHEIN,15.3,0,0,True,10.89
Royal Blue,one-size,Centerpieces,SHEIN,4.4,0,0,True,4.3
,one-size,Smart Watches,SHEIN,41.7,0,0,True,39.31
Multicolor,Volleyball Net Set,Volleyball Net System,SHEIN,67.3,0,0,True,59.3
Multicolor,one-size,Showerheads & Accessories,Unbeatablesale,12.74,0,0,True,12.74
Beige,1.2L,"Lunch Boxes & Insulated Lunch Boxes, Insulated Food Jar",SHEIN,19.1,0,0,True,18.4
Yellow,one-size,Baby Ringing Toys,SHEIN,8.9,0,0,True,5.96
Multicolor,1 Random Blind Box (with a Chance Of Hidden Items),Decorative Crafts,SHEIN,22.0,0,0,True,19.33
Beige,50*50,Cushion Cover,Jepeak,34.2,0,0,True,24.7
Gold,one-size,Decorative Hanging Ornaments,SHEIN,253.8,0,0,True,110.28
Brown,one-size,Door Molding & Trim,SHEIN,7.2,0,0,True,7.2
Multicolor,one-size,Keyrings & Keychains,Unbeatablesale,14.26,0,0,True,14.26
Multicolor,one-size,Other Tool Organizers,Unbeatablesale,35.06,0,0,True,35.06
Multicolor,one-size,Other Home Office Storage,SHEIN,23.98,0,0,True,16.79
Multicolor,one-size,Decorative Balloons,SHEIN,2.3,0,0,True,1.84
Multicolor,Women's Affirmation Card Set,Postcards,SHEIN,9.8,0,0,True,9.8
Pink,one-size,Lint Rollers & Brushes & Remover,SHEIN,5.2,0,0,True,3.28
Yellow,Water Drop Two Cut,Makeup Puffs & Sponges,SHEIN,5.0,0,0,True,4.3
Black,one-size,Women Crossbody,SHEIN,6.1,0,0,True,5.7
Black,iPhone 15 Pro Max,Stand Phone Case,SHEIN,13.9,0,0,True,9.5
Beige,one-size,Women Crossbody,SHEIN,5.4,0,0,True,5.1
Black,22 inch,Synthetic Lace Wigs,SHEIN,77.2,0,0,True,46.32
Multicolor,one-size,Markers,Unbeatablesale,11.1,0,0,True,11.1
Spruce Green,50*50,Cushion Cover,Jepeak,36.4,0,0,True,26.2
Multicolor,Pearl Bicolor Flower,Keyrings & Keychains,SHEIN,1.8,0,0,True,1.7
Default,One Size,Moisturizers,Clarins,170.4,0,0,True,76.33
Gold,one-size,"Charms, Pendants & Chain Decorations",Unbeatablesale,52.84,0,0,True,52.84
Pink,L,Women Tights,SHEIN,2.3,0,0,True,1.8
Multicolor,one-size,Pet Hair Accessories,SHEIN,2.3,0,0,True,2.3
Terracotta Warriors Set,1set,Ribbons & Bows,SHEIN,3.3,0,0,True,3.2
Black,Galaxy S24 Ultra 5G,Stand Phone Case,SHEIN,12.7,0,0,True,8.6
Grey,one-size,Women Tote Bags,SHEIN,9.09,0,0,True,5.45
Khaki,one-size,Women Hat set,SHEIN,9.5,0,0,True,3.97
Black,one-size,Other Party Decorations,SHEIN,3.1,0,0,True,3.1
Dark Grey,17*16*2 inch,Outdoor Pillows & Cushions,SHEIN,60.2,0,0,True,43.3
Multicolor,one-size,Other Sports Accessories,Unbeatablesale,18.29,0,0,True,18.29
Multicolor,one-size,Fittings DIY & Tools,SHEIN,1.8,0,0,True,1.8
,Gold Frame Black Film,Women Fashion Glasses,SHEIN,4.5,0,0,True,4.3
Multicolor,one-size,Christmas Party Supplies,Unbeatablesale,23.82,0,0,True,23.82
Dark Green,70*80cm,Bean Bag Covers,SHEIN,13.2,0,0,True,13.2
Multicolor,one-size,Other Kids Early Development & Activity Toys,SHEIN,6.0,0,0,True,6.0
Green,40*50,Paint By Number & Accessories,SHEIN,6.1,0,0,True,5.9
Multicolor,5 Sheets (30 PCS),Christmas Party Supplies,SHEIN,1.5,0,0,True,1.19
Multicolor,one-size,Door Handles & Locks,Unbeatablesale,14.01,0,0,True,14.01
Multicolor,one-size,Decorative Painting Tools,Unbeatablesale,61.65,0,0,True,61.65
Gold,one-size,Women Braid Rings,SHEIN,1.7,0,0,True,1.7
Multicolor,10PCS,Craft Paper,SHEIN,5.2,0,0,True,5.0
Dark Green,USB Model,Power Tool Sets,SHEIN,26.3,0,0,True,26.3
Blue,one-size,Shoe Decorations,SHEIN,3.2,0,0,True,3.0
Ink-blue Colour,one-size,Beads,SHEIN,3.3,0,0,True,3.3
Multicolor,Random Style (1 Piece),Make Up Bags,SHEIN,3.7,0,0,True,3.5
,one-size,Men Quartz Watches,SHEIN,72.1,0,0,True,63.68
Bright,one-size,Women Dangle Earrings,ROMWE,1.6,0,0,True,1.6
Yellow Gold,one-size,Women Jewelry Sets,SHEIN,3.0,0,0,True,3.0
Baby Blue,one-size,Make Up Bags,SHEIN,2.6,0,0,True,2.5
Multicolor,Watercolor Painting Palette Set,Art Sets,SHEIN,11.1,0,0,True,10.26
Multicolor,one-size,Craft & Sewing Supplies Storage,SHEIN,32.2,0,0,True,23.3
Multicolor,15 Makeup Brushes + 24-piece Set,Brushes Sets,SHEIN,7.5,0,0,True,6.25
Multicolor,one-size,Hair Clips,SHEIN,5.9,0,0,True,5.6
Multicolor,one-size,Anchors,Unbeatablesale,32.14,0,0,True,32.14
Black,one-size,"Nintendo Switch Consoles, Games & Accessories",SHEIN,7.1,0,0,True,7.1
06 Black Blue Frame / 4 Blue Lens,Normal,Cycling Glasses,SHEIN,40.8,0,0,True,22.96
Multicolor,Heart and Star Mixed Bright Colors 20 Pcs,Hair Clips,SHEIN,2.7,0,0,True,2.21
Multicolor,1pc Blue Flower Rabbit,Chef Apron & Chef Hat,SHEIN,2.8,0,0,True,2.16
Multicolor,one-size,Lighting Fixture Chains,Unbeatablesale,63.85,0,0,True,63.85
Gold,one-size,Women Jewelry Sets,SHEIN,9.4,0,0,True,8.28
,Random Solid Color Mixing,Beads,SHEIN,2.6,0,0,True,2.6
Multicolor,one-size,Showerheads & Accessories,Unbeatablesale,12.3,0,0,True,12.3
Gold,one-size,Women Pendant Necklaces,Unbeatablesale,15.04,0,0,True,15.04
Multicolor,one-size,Toner Cartridge,Unbeatablesale,80.36,0,0,True,80.36
Yellow,one-size,Seasonal Wreaths & Garlands,SHEIN,29.8,0,0,True,25.34
Multicolor,45CM*100CM,Wall Paper,SHEIN,3.1,0,0,True,2.39
Multicolor,one-size,Women Crossbody,SHEIN,6.9,0,0,True,5.18
Clear,1800ml,Water Pots & Kettles,SHEIN,48.4,0,0,True,46.7
Multicolor,20pc,Garden Statues & Sculptures,SHEIN,3.3,0,0,True,3.2
Multicolor,SJ002-classic Lady,Kids Scrapbooking,SHEIN,6.0,0,0,True,5.88
Multicolor,32pcs,Festival Decor,SHEIN,1.9,0,0,True,1.8
Pink,one-size,Women Shoulder Bags,SHEIN,7.2,0,0,True,6.8
Multicolor,20pcs,Tool Parts,SHEIN,5.5,0,0,True,5.5
Grey,17*16*2 inch,Outdoor Pillows & Cushions,SHEIN,60.2,0,0,True,43.3
Hot Pink,one-size,Other Party Accessories,Unbeatablesale,28.7,0,0,True,28.7
Khaki,one-size,Women Hat set,SHEIN,11.8,0,0,True,8.25
Light Grey,70*80cm,Bean Bag Covers,SHEIN,13.4,0,0,True,13.4
Green,one-size,Garment Labels,Unbeatablesale,26.37,0,0,True,26.37
Multicolor,one-size,Women Bracelet Sets,SHEIN,11.0,0,0,True,10.72
Beige,50*50,Cushion Cover,Jepeak,22.6,0,0,True,16.3
Clear,10PCS,Luggage & Travel Bags,SHEIN,3.1,0,0,True,2.9
Black,one-size,Automobile Phone Cradles,SHEIN,5.1,0,0,True,5.1
Orange Color,Quantity,Protractors,SHEIN,3.8,0,0,True,3.8
Black,one-size,Women Shoulder Bags,SHEIN,7.4,0,0,True,5.55
,one-size,Smart Watches,SHEIN,30.5,0,0,True,15.25
Multicolor,one-size,Standard Leashes,Unbeatablesale,21.79,0,0,True,21.79
Black,one-size,Women Clutches,SHEIN,5.0,0,0,True,4.7
Walnut,70.87*15.75*33.46in,Television Stands & Entertainment Centers,SHEIN,349.9,0,0,True,248.4
Black,Flashlight-built-in Battery + Data Cable,Flashlights & Torches,SHEIN,27.2,0,0,True,27.2
Brown Ombre,32 inch,Synthetic Extensions,SHEIN,6.3,0,0,True,5.42
Multicolor,one-size,Other Party Accessories,Unbeatablesale,25.49,0,0,True,25.49
Multicolor,1y,Garment Decoration Excipients,SHEIN,1.4,0,0,True,1.4
White,one-size,Women Top Handle Bags,SHEIN,11.2,0,0,True,10.5
Black,one-size,Women Top Handle Bags,SHEIN,11.0,0,0,True,10.3
Purple,one-size,Umbrellas and Rain Hat Umbrellas,SHEIN,7.7,0,0,True,7.5
Beige,one-size,Makeup Bags,SHEIN,2.5,0,0,True,2.4
Yellow Gold,one-size,Women Jewelry Sets,SHEIN,2.4,0,0,True,2.4
Multicolor,A,Eyeglass Care,SHEIN,2.5,0,0,True,1.5
Multicolor,Tin Container Gift Box,Kids Vehicle Playsets,SHEIN,30.6,0,0,True,30.6
Multicolor,Skin Color 1Roll,Hand & Elbow & Arm Protectors,SHEIN,3.2,0,0,True,1.6
Pink,one-size,Candle Molds,SHEIN,3.5,0,0,True,3.3
White,one-size,Makeup Bags,SHEIN,2.8,0,0,True,2.7
Multicolor,3cm*10m,Kitchen Sewing Tools and Accessories,SHEIN,2.2,0,0,True,1.87
Multicolor,One-size,Window Valance,Unbeatablesale,32.42,0,0,True,32.42
Multicolor,one-size,Women Layered Necklaces,Unbeatablesale,15.16,0,0,True,15.16
Multicolor,one-size,Horse Grooming & Bathing Supplies,Unbeatablesale,60.84,0,0,True,60.84
Light Brown,Kangaroos and Their Babies,Kids Plush Animals,SHEIN,10.0,0,0,True,9.55
Dark Brown,26 inch,Synthetic Woven Wigs,SHEIN,15.5,0,0,True,13.6
Light Purple,58*58cm,Gift Wrap Paper,SHEIN,6.3,0,0,True,4.85
Purple,M,Bag Charms,ROMWE,2.9,0,0,True,2.7
Watermelon Pink,40 inch,Synthetic Weave,SHEIN,38.3,0,0,True,25.7
White,one-size,Other Party Accessories,Unbeatablesale,28.55,0,0,True,28.55
Black,one-size,Penis Rings,SHEIN,2.1,0,0,True,1.9
Beige+Light Coffee,45*45,Cushion Cover,Jepeak,21.4,0,0,True,15.4
Multicolor,Black,Women Glasses Sets,SHEIN,3.7,0,0,True,3.5
Dark Green,Galaxy S22,Stand Phone Case,SHEIN,10.1,0,0,True,6.9
Red,one-size,Car Replacement Parts,Unbeatablesale,55.88,0,0,True,55.88
Multicolor,one-size,Pet Health Care Tools,Unbeatablesale,16.88,0,0,True,16.88
White,one-size,Women Hat set,SHEIN,11.2,0,0,True,7.49
Style 1,one-size,Events Accessories,Disney,8.9,0,0,True,8.5
Multicolor,32K,Notebooks,SHEIN,7.1,0,0,True,7.1
Neutral Gray,2 pack,Chair Cushion,SHEIN,29.99,0,0,True,29.99
Black,25*30cm J,Other Hunting Equipment,SHEIN,46.9,0,0,True,41.4
Grey,15.9*10*9,Brush,SHEIN,4.8,0,0,True,4.8
Multicolor,one-size,Wrapping & Packaging,SHEIN,9.9,0,0,True,9.5
White,one-size,Hair Bands,SHEIN,1.8,0,0,True,1.37
,one-size,Floor Lamps,SHEIN,92.3,0,0,True,65.5
Silver,one-size,Women Sexy Lingerie Accessories,SHEIN,2.7,0,0,True,2.2
Dark Green,one-size,Plant Cages & Supports,SHEIN,1.4,0,0,True,1.3
Khaki,one-size,Women Hat set,SHEIN,9.2,0,0,True,7.6
Multicolor,one-size,Sports Bottle,Unbeatablesale,24.02,0,0,True,24.02
,one-size,Smart Watches,SHEIN,51.5,0,0,True,48.57
Beige,40*60,Cushion Cover,Jepeak,36.4,0,0,True,26.2
White,1y,Garment Decoration Excipients,SHEIN,3.1,0,0,True,3.0
Red,one-size,Skateboard Grip Tape,Unbeatablesale,70.56,0,0,True,70.56
White,one-size,Wireless Earbuds,Disney,18.8,0,0,True,18.8
Navy Blue,one-size,Chair Covers,SHEIN,11.0,0,0,True,11.0
Black and White,36pcs,Cereal Containers,SHEIN,63.0,0,0,True,45.6
Black,one-size,Men Crossbody Bags,SHEIN,3.2,0,0,True,2.9
,one-size,Women Anklets,SHEIN,5.1,0,0,True,5.1
Grey,50*50,Cushion Cover,Jepeak,22.6,0,0,True,16.3
Pink+Blue,36pcs,Other Party Favors,SHEIN,9.9,0,0,True,8.42
White,Pumpkin Mold,Baking & Pastry Utensils,SHEIN,3.6,0,0,True,3.5
Yellow Gold,one-size,Women Jewelry Sets,SHEIN,2.3,0,0,True,2.3
Teal Blue,40*60,Cushion Cover,Jepeak,36.4,0,0,True,26.2
Blue,one-size,Hair Clips,SHEIN,1.8,0,0,True,1.7
Silver,one-size,Vases,SHEIN,204.73,0,0,True,142.18
Multicolor,one-size,Crystal Soil,SHEIN,23.5,0,0,True,22.7
,one-size,Kids Watches,SHEIN,2.4,0,0,True,2.0
Black,one-size,Vases,SHEIN,215.44,0,0,True,149.61
Hot Pink,one-size,Make Up Bags,SHEIN,5.1,0,0,True,4.8
Black,one-size,Basketball Accessories,SHEIN,18.2,0,0,True,16.0
Dark Grey(3 Seater),one-size,Sofas & Couches,SHEIN,723.0,0,0,True,513.3
,one-size,Smart Watches,SHEIN,41.7,0,0,True,39.31
Red,one-size,Other Party Accessories,Unbeatablesale,48.25,0,0,True,48.25
Multicolor,one-size,Beads,SHEIN,1.1,0,0,True,1.1
Black,3 Inch,Synthetic Extensions,SHEIN,2.1,0,0,True,1.9
,Mixed Color 1,Watchbands,SHEIN,5.8,0,0,True,5.07
Black,6 Inch,Synthetic Hair Bangs,SHEIN,5.3,0,0,True,3.66
Multicolor,Avengers,Gift Wrap Bags,Marvel,6.0,0,0,True,5.1
Burgundy,12 Inch,Synthetic Woven Wigs,SHEIN,12.3,0,0,True,10.7
Red and White,One Size Fits All/1500pcs,Party Backdrops,SHEIN,2.3,0,0,True,1.96
Multicolor,one-size,Putty Knives,Unbeatablesale,17.74,0,0,True,17.74
Multicolor,one-size,"Statue, Maquette & Bust Action Figures",Nickelodeon,3.4,0,0,True,3.4
Multicolor,A7,Recording Headphone & In-Ear Audio Monitors,SHEIN,7.9,0,0,True,7.9
Beige,one-size,Women Crossbody,SHEIN,5.5,0,0,True,5.2
Multicolor,39-42,Men Ankle Socks,SHEIN,12.2,0,0,True,8.05
Multicolor,one-size,Door Handles & Locks,Unbeatablesale,29.04,0,0,True,29.04
Wood Color,one-size,Paint By Number Pens & Brushes,SHEIN,4.2,0,0,True,4.0
Khaki,Khaki,Kids Crossbody Bags,SHEIN,5.0,0,0,True,4.2
Grey,one-size,Women Tote Bags,SHEIN,13.4,0,0,True,12.5
Orange,24 inch,Synthetic Woven Wigs,SHEIN,16.0,0,0,True,14.0
Brown,one-size,Wooden Crafts,SHEIN,2.0,0,0,True,1.97
Beige,one-size,Women Hat set,SHEIN,9.8,0,0,True,8.0
White,one-size,Cycling Ice Sleeves,SHEIN,2.5,0,0,True,2.2
Multicolor,one-size,Archery Sights & Optics,Unbeatablesale,86.54,0,0,True,86.54
,Women,Women Watch Sets,SHEIN,30.0,0,0,True,21.0
Black,20 OZ,Insulated Water Bottles for Outdoor,SHEIN,16.3,0,0,True,10.2
,one-size,Smart Watches,SHEIN,30.3,0,0,True,25.25
Solemn Black,2 pack,Chair Cushion,SHEIN,29.99,0,0,True,29.99
Multicolor,One-size,Printer Ink & Toner,Unbeatablesale,28.89,0,0,True,28.89
Light Coffee,one-size,Chair Covers,SHEIN,11.8,0,0,True,11.8
,one-size,Men Quartz Watches,SHEIN,14.3,0,0,True,14.3
Multicolor,one-size,Decorative Balloons,SHEIN,8.4,0,0,True,8.1
Pink,one-size,Other Kids Early Development & Activity Toys,SHEIN,7.8,0,0,True,5.06
Black,Flashlight-data Cable,Flashlights & Torches,SHEIN,6.0,0,0,True,4.8
Black and White,one-size,Women Bucket Hat,SHEIN,3.3,0,0,True,2.7
【Basic Set】Warm White,One Size,Bbq Grill,SHEIN,37.8,0,0,True,32.13
Navy Blue,one-size,Umbrellas and Rain Hat Umbrellas,SHEIN,7.6,0,0,True,7.3
Black,one-size,Digital Bags,SHEIN,7.2,0,0,True,6.7
Green,one-size,Label Stickers,SHEIN,3.3,0,0,True,3.25
,8-14Y,Kids Fashion Glasses,SHEIN,3.2,0,0,True,2.7
Black,3600mAh+Data Cable,Flashlights & Torches,SHEIN,9.0,0,0,True,9.0
sky blue,one piece,Remote Control Covers,SHEIN,2.8,0,0,True,2.7
Multicolor,Two,Glitter & Facial Gems,SHEIN,1.6,0,0,True,1.12
Multicolor,Sunscreen Mask-black,Cycling Mask & Scarf,SHEIN,2.5,0,0,True,1.5
YKL545-bTZ,one-size,Customized Creative Ornament,SHEIN,6.9,0,0,True,5.67
Multicolor,one-size,Level Measuring Instruments,Unbeatablesale,31.73,0,0,True,31.73
White,one-size,Other Party Favors,SHEIN,2.5,0,0,True,2.4
Multicolor,one-size,Horse Grooming & Bathing Supplies,Unbeatablesale,34.83,0,0,True,34.83
Black,one-size,Women Beanie Hat,SHEIN,3.6,0,0,True,3.0
Black,one-size,Glitter & Facial Gems,SHEIN,1.1,0,0,True,0.77
Coral,one-size,Decorative Rugs,Unbeatablesale,69.7,0,0,True,69.7
Multicolor,one-size,Horse Grooming & Bathing Supplies,Unbeatablesale,28.18,0,0,True,28.18
Grey,one-size,Outdoor Table,SHEIN,14.0,0,0,True,12.3
Red,one-size,Hair Clips,SHEIN,1.6,0,0,True,1.5
Orange,Galaxy A54 5G,Stand Phone Case,SHEIN,13.9,0,0,True,9.5
Multicolor,one-size,Other Party Accessories,Unbeatablesale,37.97,0,0,True,37.97
,one-size,Men Quartz Watches,SHEIN,12.9,0,0,True,12.9
Multicolor,one-size,Other Party Accessories,Unbeatablesale,35.81,0,0,True,35.81
Yellow,one-size,Disposable Tableware Sets,SHEIN,29.99,0,0,True,19.49
Charcoal Gray,60*60,Cushion Cover,SHEIN,37.8,0,0,True,27.2
Black,one-size,Women Harness Belts,SHEIN,3.8,0,0,True,3.06
Multicolor,one-size,Perfume,SHEIN,13.99,0,0,True,13.99
Light Cyan,40*60,Cushion Cover,Jepeak,21.3,0,0,True,15.3
Red,58*58cm,Gift Wrap Paper,SHEIN,6.0,0,0,True,4.62
Mint Blue,Water Drop Flat Bottom Bevel,Makeup Puffs & Sponges,SHEIN,5.0,0,0,True,4.4
Pink,one-size,Make Up Bags,SHEIN,6.4,0,0,True,6.0
Gold,120,Men Belts,SHEIN,8.4,0,0,True,7.76
Gold,one-size,Tabletop Fountains,SHEIN,43.4,0,0,True,41.8
Red,Insulin Pack + Ice Pack,Medical Bags,SHEIN,5.6,0,0,True,5.3
Multicolor,one-size,Assorted Stickers,SHEIN,2.4,0,0,True,2.4
,one-size,Women Ring Sets,SHEIN,7.0,0,0,True,7.0
Black,Medium,Women Crossbody,SHEIN,5.8,0,0,True,5.4
Multicolor,one-size,Screwdriver,Unbeatablesale,10.26,0,0,True,10.26
Multicolor,one-size,Tool Cases,Unbeatablesale,16.3,0,0,True,16.3
30 Pieces,one-size,Drawing Stencils,SHEIN,6.8,0,0,True,6.8
Gold,one-size,Women Braid Rings,SHEIN,1.4,0,0,True,1.4
Multicolor,Multicolor,Rhinestones & Decorations,SHEIN,1.5,0,0,True,1.3
Pink,Mother and Baby Rabbit,Kids Plush Animals,SHEIN,25.3,0,0,True,23.62
White,one-size,Women Shoulder Bags,SHEIN,5.2,0,0,True,3.9
Multicolor,one-size,Other Sports Accessories,Unbeatablesale,32.48,0,0,True,32.48
15 Items,one-size,Home Fragrance Sachets,SHEIN,1.4,0,0,True,1.4
Red,17*16*2 inch,Outdoor Pillows & Cushions,SHEIN,60.2,0,0,True,43.3
Multicolor,one-size,Drawer Organizer,Unbeatablesale,45.43,0,0,True,45.43
Multicolor,one-size,"Kids Diaries, Journals, & Notebooks",SHEIN,4.3,0,0,True,4.3
Red,one-size,Hanging Hardware,Unbeatablesale,14.16,0,0,True,14.16
Espresso,70.87*15.75*33.46in,Television Stands & Entertainment Centers,SHEIN,349.9,0,0,True,248.4
Silver,one-size,Mugs,SHEIN,7.9,0,0,True,5.69
Red,one-size,Pet Blankets & Covers,Unbeatablesale,99.03,0,0,True,99.03
White,one-size,Sewing,Unbeatablesale,13.1,0,0,True,13.1
Multicolor,10 Random Color Solid Rings,Other Throwing Games,SHEIN,3.8,0,0,True,3.3
Black,one-size,Costume Eyewear,SHEIN,30.3,0,0,True,26.1
Red,one-size,Other Sports Accessories,Unbeatablesale,48.96,0,0,True,48.96
Black,12 Inch,Cosplay Wigs,SHEIN,12.9,0,0,True,11.3
Piano Color,24 inch,Synthetic Extensions,SHEIN,3.4,0,0,True,3.0
Multicolor,1 Black Digital Bag and 6 Storage Straps,Digital Bags,SHEIN,6.7,0,0,True,6.3
Hot Pink,one-size,Plus Size Cover Ups,SHEIN,40.69,0,0,True,24.19
Pink,one-size,Digital Bags,SHEIN,7.3,0,0,True,6.8
Pink,24 Grid,Bracelet Making Kits,SHEIN,6.0,0,0,True,5.1
Burnt Orange,one-size,Umbrellas and Rain Hat Umbrellas,SHEIN,7.7,0,0,True,4.62
Teal,55*55,Cushion Cover,Jepeak,21.4,0,0,True,15.4
Multicolor,one-size,Sockets,Unbeatablesale,19.86,0,0,True,19.86
Green,one-size,Kitchen Tablecloth,Unbeatablesale,33.36,0,0,True,33.36
Brown,one-size,Women Tote Bags,SHEIN,8.2,0,0,True,6.15
,Light Grey,Projectors,SHEIN,86.4,0,0,True,86.4
Multicolor,A,Assorted Stickers,SHEIN,1.9,0,0,True,1.9
Black,one-size,Women Pendant Necklaces,SHEIN,1.2,0,0,True,1.2
Pink,one-size,Banners & Pennants,SHEIN,1.7,0,0,True,1.6
Rose Gold,one-size,Women Jewelry Sets,SHEIN,3.1,0,0,True,3.1
Black,Three Seat,Living Room Sets,SHEIN,1424.3,0,0,True,1011.2
White,one-size,Cleaning Brush,SHEIN,10.1,0,0,True,10.1
Grey,one-size,Hair Clips,SHEIN,1.8,0,0,True,1.44
Beige,one-size,Hair Clips,SHEIN,1.9,0,0,True,1.8
Multicolor,36-39,Women Crew Socks,SHEIN,17.5,0,0,True,11.73
,one-size,Desk Lamps,SHEIN,51.1,0,0,True,36.3
Multicolor,one-size,Jewelry Making Beads,SHEIN,19.99,0,0,True,16.66
Blue,one-size,Customized Beach Towels,SHEIN,9.1,0,0,True,8.8
Multicolor,Addition and Subtraction + Pen Cards,Kids Educational Flash Cards,SHEIN,2.7,0,0,True,2.7
Royal Blue,58*58cm,Gift Wrap Paper,SHEIN,6.8,0,0,True,5.3
As the Picture Shows,one-size,Portable Lanterns,SHEIN,13.1,0,0,True,13.1
Dusty Pink,Olive Double Cut,Makeup Puffs & Sponges,SHEIN,5.0,0,0,True,4.3
Multicolor,one-size,Hand Tool Sets,Unbeatablesale,25.96,0,0,True,25.96
,one-size,Women Ring Sets,SHEIN,6.1,0,0,True,6.1
Coffee Brown,one-size,Costume Props,SHEIN,2.5,0,0,True,2.4
Multicolor,one-size,Beach Towels,SHEIN,10.5,0,0,True,9.2
Black and White,36pcs,Cookie Jars,SHEIN,62.1,0,0,True,44.9
Dark Green,one-size,Men Baseball Cap,SHEIN,7.2,0,0,True,5.9
Black,Insulin Pack + Ice Pack,Medical Bags,SHEIN,5.9,0,0,True,5.5
Brown,Small,Women Crossbody,SHEIN,5.9,0,0,True,5.6
Multicolor,S-1pc,Holiday Decoration Supplies,SHEIN,6.4,0,0,True,5.92
Multicolor,30 Pieces In Mixed Colors,Golf Spikes,SHEIN,13.7,0,0,True,12.1
Multicolor,one-size,Car Replacement Parts,Unbeatablesale,41.83,0,0,True,41.83
Pink,TU,Women Top Handle Bags,Marc Jacobs,419.17,0,0,True,337.9
Red,one-size,Men Baseball Cap,SHEIN,5.6,0,0,True,3.86
Multicolor,one-size,Floor Stickers,SHEIN,3.3,0,0,True,3.2
Multicolor,Small,Women Crossbody,SHEIN,6.5,0,0,True,6.1
Yellow,one-size,Drawing Stencils,SHEIN,5.6,0,0,True,5.6
Light Brown,20 inch,Synthetic Woven Wigs,SHEIN,11.7,0,0,True,10.2
Orange,one-size,Clips,SHEIN,2.4,0,0,True,2.35
Multicolor,10pc,Decorative Garden Stakes,SHEIN,16.1,0,0,True,15.5
Multicolor,one-size,Floor Stickers,SHEIN,3.3,0,0,True,0.99
Multicolor,one-size,Artificial Tree,Unbeatablesale,100.99,0,0,True,100.99
Multicolor,one-size,Gift Wrap Boxes,SHEIN,6.1,0,0,True,6.1
Khaki,one-size,Women Hat set,SHEIN,10.3,0,0,True,7.65
Black,1 Roll (5m),Gift Wrap Paper,SHEIN,4.0,0,0,True,2.92
Beige,one-size,Chair Covers,SHEIN,7.8,0,0,True,7.8
Multicolor,Special Shaped Five-pointed Star-20pcs,Keychain Accessories,SHEIN,2.8,0,0,True,2.7
White,1 Roll (5m),Gift Wrap Paper,SHEIN,3.9,0,0,True,3.5
Pink,one-size,Cardholder Phone Cases,SHEIN,8.7,0,0,True,8.7
Multicolor,1 Set (14Pcs),Brushes Sets,SHEIN,3.2,0,0,True,2.59
Multicolor,one-size,Screwdriver,Unbeatablesale,81.14,0,0,True,81.14
Blue,24 Grid,Bracelet Making Kits,SHEIN,6.6,0,0,True,6.6
Beige,L,Fabric Storage,SHEIN,23.8,0,0,True,17.1
Multicolor,one-size,Horse Grooming & Bathing Supplies,Unbeatablesale,42.11,0,0,True,42.11
Multicolor,24 Grid,Bracelet Making Kits,SHEIN,6.2,0,0,True,6.2
Yellow Gold,one-size,Women Jewelry Sets,SHEIN,3.1,0,0,True,2.27
Silver,one-size,Women Nose Ring,SHEIN,1.4,0,0,True,1.19
Multicolor,one-size,Coin Purses,Unbeatablesale,18.25,0,0,True,18.25
Green,one-size,Artificial Vertical Vines,SHEIN,49.8,0,0,True,48.0
Gold,26 inch,Synthetic Lace Wigs,SHEIN,25.0,0,0,True,15.0
Orange,one-size,Women Top Handle Bags,SHEIN,9.6,0,0,True,9.0
White,one-size,Women Clutches,SHEIN,5.3,0,0,True,3.18
Yellow,one-size,Women Dangle Earrings,ROMWE,1.6,0,0,True,1.6
Green,XS,Men Sports Sweatshirts,Nike,29.99,0,0,True,29.99
Black,one-size,Ceiling Lights,SHEIN,37.4,0,0,True,26.6
Multicolor,10 Yards,Tassel Fringe,SHEIN,2.9,0,0,True,2.47
Multicolor,one-size,Laptop Sleeves,Unbeatablesale,42.49,0,0,True,42.49
Multicolor,3pcs,Christmas Party Supplies,SHEIN,6.7,0,0,True,6.5
Multicolor,Innocent-22cm,Kids Plush Animals,SHEIN,10.8,0,0,True,10.01
Multicolor,20pcs,Gift Wrap Bags,SHEIN,2.9,0,0,True,2.8
Multicolor,one-size,Wall Decoration,Unbeatablesale,30.93,0,0,True,30.93
Red,one-size,Hair Clips,SHEIN,1.5,0,0,True,1.5
Multicolor,A,Other Party Favors,SHEIN,14.9,0,0,True,12.67
Black,one-size,Hair Clips,SHEIN,1.7,0,0,True,1.36
Gold,one-size,Vases,SHEIN,205.95,0,0,True,143.02
,one-size,Nail Curing Lamps & Dryers,SHEIN,49.6,0,0,True,43.3
Multicolor,one-size,Decorative Balloons,SHEIN,9.1,0,0,True,8.8
Color Mixing,View Image,DIY Kits,SHEIN,2.0,0,0,True,2.0
1810264,one-size,"Statue, Maquette & Bust Action Figures",SHEIN,20.0,0,0,True,20.0
Multicolor,one-size,Kids Remote Control Cars,SHEIN,34.9,0,0,True,34.9
Yellow,one-size,Candles,Unbeatablesale,16.8,0,0,True,16.8
Multifunctional Vegetable Cutter,16-piece Set,Shredders & Slicers,SHEIN,18.3,0,0,True,17.6
Multicolor,45CM*100CM,Wall Paper,SHEIN,3.0,0,0,True,2.9
DimGrey,50*50,Cushion Cover,Jepeak,34.2,0,0,True,24.7
Yellow Gold,Opal,Women Earring Sets,SHEIN,3.8,0,0,True,3.8
Multicolor,one-size,Sports Bottle,Unbeatablesale,23.12,0,0,True,23.12
Brown,31pcs,Makeup Puffs & Sponges,SHEIN,8.1,0,0,True,5.91
White,one-size,Disposable Food Containers,SHEIN,6.9,0,0,True,5.22
Gold,Small/Medium,Women Pendant Necklaces,Fossil,62.38,0,0,True,62.38
Green,one-size,Stationery Storage Boxes,SHEIN,5.8,0,0,True,4.64
Multicolor,one-size,Women Crossbody,SHEIN,5.9,0,0,True,5.5
Beige,45*45,Cushion Cover,Jepeak,21.4,0,0,True,15.4
Black,20pcs Random,Candy & Biscuit Wrapping Supplies,SHEIN,2.3,0,0,True,1.38
Multicolor,Silver,Rhinestones & Decorations,SHEIN,1.8,0,0,True,1.6
Grey,one-size,Women Tote Bags,SHEIN,10.9,0,0,True,10.2
Red,one-size,Women Tote Bags,SHEIN,13.6,0,0,True,12.7
Multicolor,one-size,Car Replacement Parts,Unbeatablesale,71.13,0,0,True,71.13
Khaki,17*16*2 inch,Outdoor Pillows & Cushions,SHEIN,60.2,0,0,True,43.3
Silver,one-size,Men Necklaces,SHEIN,3.6,0,0,True,3.33
Multicolor,one-size,Grill Accessories,Unbeatablesale,97.41,0,0,True,97.41
Green,17*16*2 inch,Outdoor Pillows & Cushions,SHEIN,60.2,0,0,True,43.3
Multicolor,one-size,Standard Pencils,SHEIN,2.5,0,0,True,2.5
,One Piece,Wall Charger,SHEIN,4.1,0,0,True,4.1
Beige,17*16*2 inch,Outdoor Pillows & Cushions,SHEIN,60.2,0,0,True,43.3
Multicolor,one-size,Plaques & Signs,Unbeatablesale,38.51,0,0,True,38.51
Multicolor,Style a [Lead Core HB],Standard Pencils,SHEIN,6.3,0,0,True,3.78
Champagne,1 Item,Wall Decor & Stickers,SHEIN,1.8,0,0,True,1.44
Black,one-size,Shoe Decorations,SHEIN,3.3,0,0,True,3.1
Multicolor,Capybara Pencil Case - 1 Piece,Pencil Storage Boxes,SHEIN,5.2,0,0,True,5.0
Cream Color,one-size,Umbrellas and Rain Hat Umbrellas,SHEIN,7.6,0,0,True,7.3
Black,Flashlight-built-in Battery + Data Cable,Flashlights & Torches,SHEIN,8.1,0,0,True,8.1
Multicolor,one-size,Decorative Balloons,SHEIN,8.3,0,0,True,8.0
Multicolor,31pcs,Decorative Balloons,SHEIN,3.4,0,0,True,3.3
Hot Pink,one-size,Plus Size Cardigans,SHEIN,37.49,0,0,True,22.19
Black,one-size,Fitness Equipment Accessories,SHEIN,40.8,0,0,True,34.5
Multicolor,Dinosaur,Kids Sorting & Stacking Toys,SHEIN,8.4,0,0,True,8.4
Multicolor,one-size,Other Sports Accessories,Unbeatablesale,49.69,0,0,True,49.69
Green,one-size,Umbrellas and Rain Hat Umbrellas,SHEIN,7.7,0,0,True,7.4
Brown,one-size,Cycling Mask & Scarf,Keep,8.4,0,0,True,7.4
Black,one-size,Women Clutches,SHEIN,5.0,0,0,True,4.7
Red,one-size,Dog Food,Unbeatablesale,52.42,0,0,True,52.42
Black,one-size,Women Clutches,SHEIN,5.0,0,0,True,3.0
Multicolor,one-size,Hand Tool Sets,Unbeatablesale,21.11,0,0,True,21.11
Multicolor,Square,Press On False Nails,SHEIN,1.8,0,0,True,1.52
Multicolor,32 inch,Luggage Sets,SHEIN,98.99,0,0,True,68.99
Multicolor,35*24,Hand Towels,SHEIN,2.2,0,0,True,1.1
Multicolor,White,Decorative Trays & Bowls,SHEIN,11.8,0,0,True,7.08
Light Coffee,40*60,Cushion Cover,Jepeak,21.4,0,0,True,15.4
Multicolor,one-size,Masking Tape,SHEIN,1.8,0,0,True,1.34
YKL543-bTZ,one-size,Customized Creative Ornament,SHEIN,6.9,0,0,True,5.67
Multicolor,one-size,Hair Claws,SHEIN,3.2,0,0,True,3.0
White,one-size,Makeup Bags,SHEIN,2.4,0,0,True,2.3
Pink,53,Women Fashion Glasses,Balenciaga,404.47,0,0,True,294.3
Multicolor,one-size,Dining Tables,Unbeatablesale,307.53,0,0,True,307.53
Yellow,one-size,Garment Labels,Unbeatablesale,25.01,0,0,True,25.01
Red,one-size,Vases,SHEIN,204.73,0,0,True,142.18
Mocha Brown,one-size,Hair Clips,SHEIN,2.4,0,0,True,2.26
White,one-size,Feet Protection,SHEIN,1.4,0,0,True,1.12
Yellow,one-size,Sofas & Couches,SHEIN,999.99,0,0,True,399.99
Black-58*58cm,58*58cm,Gift Wrap Paper,SHEIN,5.5,0,0,True,4.57
Green,one-size,Wires & Cables,Unbeatablesale,54.7,0,0,True,54.7
Pink,one-size,Home Office Desks,SHEIN,699.99,0,0,True,299.99
Pink,large size/250ml,Hand Blenders,SHEIN,17.29,0,0,True,8.1
,Random Mixed Colors 30pcs,Women Scarves Accessories,SHEIN,3.0,0,0,True,2.8
White,one-size,Artificial Plants,SHEIN,2.19,0,0,True,2.09
Multicolor,one-size,Sockets,Unbeatablesale,23.53,0,0,True,23.53
Multicolor,White Bow Pink Star Lanyard,Cell Phone Lanyards,SHEIN,2.0,0,0,True,2.0
Black,one-size,Cycling Ice Sleeves,SHEIN,2.3,0,0,True,1.89
,one-size,Women Ring Sets,SHEIN,6.5,0,0,True,6.5
Multicolor,1pc,Nuts,SHEIN,21.6,0,0,True,21.6
White,1 Set,Other Silicone Molds,SHEIN,9.2,0,0,True,8.21
Multicolor,one-size,Garden Power Tool Accessories,Unbeatablesale,33.32,0,0,True,33.32
Blue,one-size,Women Tote Bags,SHEIN,12.7,0,0,True,10.29
Multicolor,one-size,Women Chain Bracelets,SHEIN,2.7,0,0,True,0.81
Multicolor,one-size,Other Party Accessories,Unbeatablesale,32.46,0,0,True,32.46
Purple,one-size,Jewelry Making Beads,Unbeatablesale,39.72,0,0,True,39.72
Multicolor,one-size,Artificial Flowers,SHEIN,1.6,0,0,True,1.6
White,one-size,Table And Chair Set,Unbeatablesale,225.87,0,0,True,225.87
Black,one-size,Women Shoulder Bags,SHEIN,9.5,0,0,True,6.7
Yellow Gold,one-size,Women Jewelry Sets,SHEIN,3.9,0,0,True,3.9
black2,US7.5,Women Ankle Boots & Booties,SHEIN,49.9,0,0,True,26.61
Khaki,one-size,Women Hat set,SHEIN,9.9,0,0,True,7.29
Blue-Green,50*50,Cushion Cover,Jepeak,22.5,0,0,True,16.2
Multicolor,one-size,Repair Tools & Kits,Unbeatablesale,43.99,0,0,True,43.99
Black,one-size,Other Hooks & Rails,SHEIN,2.5,0,0,True,2.4
White Grey,50*50,Cushion Cover,Jepeak,22.5,0,0,True,16.2
Multicolor,one-size,Decorative Balloons,SHEIN,5.3,0,0,True,4.95
Multicolor,one-size,Car Replacement Parts,Unbeatablesale,51.29,0,0,True,51.29
Silver,one-size,Women Pendant Necklaces,SHEIN,3.1,0,0,True,3.1
Multicolor,Random Style,Cocktail Picks,SHEIN,2.5,0,0,True,2.4
Black,one-size,Women Top Handle Bags,SHEIN,12.2,0,0,True,11.4
22. Enchantment Coral,King / California King,Duvet Covers Sets,SHEIN,219.99,0,0,True,99.99
Default,One Size,Perfume,Rihanna,57.9,0,0,True,57.9
Khaki,one-size,Men Baseball Cap,SHEIN,6.1,0,0,True,5.0
Multicolor,one-size,Mops and Mop Sets,Unbeatablesale,18.89,0,0,True,18.89
Black,one-size,Umbrellas and Rain Hat Umbrellas,SHEIN,7.4,0,0,True,7.2
Grey,one-size,Digital Bags,SHEIN,6.6,0,0,True,6.2
Multicolor,one-size,Beads,SHEIN,1.6,0,0,True,1.6
Light Grey,50*50,Cushion Cover,Jepeak,33.6,0,0,True,24.2
Grey,one-size,Racks & Holders,SHEIN,4.7,0,0,True,4.6
